date,1. open,2. high,3. low,4. close,5. volume
2020-04-20,4.4,4.99,1.83,1.85,12579500.0
2020-04-17,2.13,2.13,2.03,2.055,58754.0
2020-04-16,2.02,2.1999,2.0,2.03,91178.0
2020-04-15,2.3,2.32,1.93,2.15,190425.0
2020-04-14,1.9,2.3,1.8,2.18,504155.0
2020-04-13,1.9,1.9,1.6419,1.722,87276.0
2020-04-09,2.0,2.1553,1.7414,1.87,68435.0
2020-04-08,2.25,2.4,1.71,2.0,90901.0
2020-04-07,3.95,3.95,2.21,2.68,131174.0
2020-04-06,3.15,4.7031,2.75,3.88,22112.0
2020-04-03,5.6,5.6,2.1,2.7,34846.0
2020-04-02,5.1,5.1,5.1,5.1,38.0
2020-04-01,5.1,5.1,5.1,5.1,15.0
2020-03-31,5.1,5.1,5.1,5.1,97.0
2020-03-30,5.1,5.1,5.1,5.1,24.0
2020-03-27,5.59,5.59,5.1,5.1,613.0
2020-03-26,5.0,5.0,5.0,5.0,0.0
2020-03-25,5.0,5.0,5.0,5.0,77.0
2020-03-24,5.0,5.0,5.0,5.0,31.0
2020-03-23,4.33,5.0,4.205,5.0,1021.0
2020-03-20,5.06,5.06,4.8,4.8,1198.0
2020-03-19,7.49,7.49,7.49,7.49,63.0
2020-03-18,7.49,7.49,7.49,7.49,4.0
2020-03-17,7.49,7.49,7.49,7.49,176.0
2020-03-16,7.13,7.49,7.13,7.49,406.0
2020-03-13,9.9,9.9,9.9,9.9,300.0
2020-03-12,9.9,9.9,8.92,9.03,2350.0
2020-03-11,11.0,11.0,11.0,11.0,200.0
2020-03-10,11.25,11.25,11.25,11.25,0.0
2020-03-09,11.25,11.25,11.25,11.25,57.0
2020-03-06,11.25,11.25,11.25,11.25,0.0
2020-03-05,11.25,11.25,11.25,11.25,0.0
2020-03-04,11.25,11.25,11.25,11.25,0.0
2020-03-03,11.25,11.25,11.25,11.25,0.0
2020-03-02,11.25,11.25,11.25,11.25,6.0
2020-02-28,11.25,11.25,11.25,11.25,0.0
2020-02-27,11.25,11.25,11.25,11.25,300.0
2020-02-26,10.9,10.9,10.9,10.9,103.0
2020-02-25,9.927,9.927,9.927,9.927,0.0
2020-02-24,9.9,9.9274,9.2177,9.9274,1511.0
2020-02-21,10.788,10.788,10.788,10.788,0.0
2020-02-20,10.788,10.788,10.788,10.788,0.0
2020-02-19,10.788,10.788,10.788,10.788,0.0
2020-02-18,10.85,10.85,10.7879,10.7879,6814.0
2020-02-14,10.538,10.538,10.538,10.538,0.0
2020-02-13,10.538,10.538,10.538,10.538,0.0
2020-02-12,10.538,10.538,10.538,10.538,0.0
2020-02-11,10.5378,10.5378,10.5378,10.5378,3.0
2020-02-10,10.5378,10.5378,10.5378,10.5378,187.0
2020-02-07,10.5,10.5,10.5,10.5,0.0
2020-02-06,10.5,10.5,10.5,10.5,0.0
2020-02-05,10.5,10.5,10.5,10.5,20.0
2020-02-04,10.5,10.5,10.5,10.5,0.0
2020-02-03,10.5,10.5,10.5,10.5,182.0
2020-01-31,10.5,10.5,10.5,10.5,0.0
2020-01-30,10.5,10.5,10.5,10.5,121.0
2020-01-29,10.501,10.501,10.501,10.501,0.0
2020-01-28,10.501,10.501,10.501,10.501,3.0
2020-01-27,10.501,10.501,10.501,10.501,301.0
2020-01-24,10.05,10.05,10.05,10.05,98.0
2020-01-23,10.05,10.05,10.05,10.05,0.0
2020-01-22,10.05,10.05,10.05,10.05,0.0
2020-01-21,10.05,10.05,10.05,10.05,1.0
2020-01-17,10.05,10.05,10.05,10.05,12.0
2020-01-16,10.05,10.05,10.05,10.05,0.0
2020-01-15,10.05,10.05,10.05,10.05,0.0
2020-01-14,10.05,10.05,10.05,10.05,101.0
2020-01-13,8.805,8.805,8.805,8.805,3.0
2020-01-10,8.805,8.805,8.805,8.805,98.0
2020-01-09,8.805,8.805,8.805,8.805,0.0
2020-01-08,8.805,8.805,8.805,8.805,0.0
2020-01-07,8.805,8.805,8.805,8.805,0.0
2020-01-06,8.805,8.805,8.805,8.805,122.0
2020-01-03,10.637,10.637,10.637,10.637,0.0
2020-01-02,10.637,10.637,10.637,10.637,0.0
2019-12-31,10.6369,10.6369,10.6369,10.6369,300.0
2019-12-30,10.75,10.75,10.2,10.2,201.0
2019-12-27,9.4,9.4,9.4,9.4,1.0
2019-12-26,9.4,9.4,9.4,9.4,110.0
2019-12-24,10.25,10.25,10.25,10.25,0.0
2019-12-23,10.25,10.25,10.25,10.25,98.0
2019-12-20,10.25,10.25,10.25,10.25,1451.0
2019-12-19,10.55,10.55,10.55,10.55,0.0
2019-12-18,10.55,10.55,10.55,10.55,0.0
2019-12-17,10.55,10.55,10.55,10.55,0.0
2019-12-16,10.55,10.55,10.55,10.55,1.0
2019-12-13,10.55,10.55,10.55,10.55,0.0
2019-12-12,10.55,10.55,10.55,10.55,0.0
2019-12-11,10.55,10.55,10.55,10.55,210.0
2019-12-10,10.83,11.21,10.82,11.21,2372.0
2019-12-09,10.3,10.3,10.3,10.3,1.0
2019-12-06,10.3,10.3,10.3,10.3,0.0
2019-12-05,10.3,10.3,10.3,10.3,0.0
2019-12-04,10.3,10.3,10.3,10.3,0.0
2019-12-03,10.3,10.3,10.3,10.3,0.0
2019-12-02,10.3,10.3,10.3,10.3,0.0
2019-11-29,10.3,10.3,10.3,10.3,0.0
2019-11-27,10.3,10.3,10.3,10.3,0.0
2019-11-26,10.3,10.3,10.3,10.3,50.0
2019-11-25,10.3,10.3,10.3,10.3,0.0
2019-11-22,10.3,10.3,10.3,10.3,121.0
2019-11-21,10.83,10.83,10.83,10.83,0.0
2019-11-20,10.83,10.83,10.83,10.83,0.0
2019-11-19,10.83,10.83,10.83,10.83,0.0
2019-11-18,10.83,10.83,10.83,10.83,3.0
2019-11-15,10.83,10.83,10.83,10.83,0.0
2019-11-14,10.83,10.83,10.83,10.83,0.0
2019-11-13,10.83,10.83,10.83,10.83,0.0
2019-11-12,10.83,10.83,10.83,10.83,0.0
2019-11-11,10.83,10.83,10.83,10.83,63.0
2019-11-08,10.83,10.83,10.83,10.83,2.0
2019-11-07,10.83,10.83,10.83,10.83,0.0
2019-11-06,10.83,10.83,10.83,10.83,1.0
2019-11-05,10.83,10.83,10.83,10.83,0.0
2019-11-04,10.83,10.83,10.83,10.83,0.0
2019-11-01,10.83,10.83,10.83,10.83,655.0
2019-10-31,10.35,10.35,10.35,10.35,1272.0
2019-10-30,10.83,10.83,10.6106,10.6106,1036.0
2019-10-29,10.83,10.83,10.83,10.83,1338.0
2019-10-28,10.83,10.83,10.83,10.83,1740.0
2019-10-25,10.32,10.32,10.32,10.32,1.0
2019-10-24,10.31,10.32,10.31,10.32,300.0
2019-10-23,10.3,10.3,10.3,10.3,0.0
2019-10-22,10.3,10.3,10.3,10.3,125423.0
2019-10-21,10.3,10.3,10.3,10.3,7.0
2019-10-18,10.3,10.3,10.3,10.3,0.0
2019-10-17,10.3,10.3,10.3,10.3,0.0
2019-10-16,10.3,10.3,10.3,10.3,0.0
2019-10-15,10.3,10.3,10.3,10.3,0.0
2019-10-14,10.29,10.3,10.29,10.3,4141.0
2019-10-11,10.215,10.3,10.215,10.3,400.0
2019-10-10,10.0201,10.3,10.0201,10.3,3685.0
2019-10-09,10.01,10.05,10.01,10.05,692.0
2019-10-08,10.02,10.02,10.02,10.02,0.0
2019-10-07,10.02,10.02,10.02,10.02,0.0
2019-10-04,10.19,10.19,10.02,10.02,725.0
2019-10-03,10.03,10.04,10.01,10.01,6187.0
2019-10-02,10.0727,10.0727,10.07,10.07,3964.0
2019-10-01,10.159,10.159,10.159,10.159,0.0
2019-09-30,10.159,10.159,10.159,10.159,0.0
2019-09-27,10.159,10.159,10.159,10.159,0.0
2019-09-26,10.159,10.159,10.159,10.159,0.0
2019-09-25,10.159,10.159,10.159,10.159,0.0
2019-09-24,10.159,10.159,10.159,10.159,0.0
2019-09-23,10.1593,10.1593,10.1593,10.1593,100.0
2019-09-20,10.33,10.33,10.33,10.33,192.0
2019-09-19,10.33,10.33,10.33,10.33,130.0
2019-09-18,10.331,10.331,10.331,10.331,0.0
2019-09-17,10.331,10.331,10.331,10.331,0.0
2019-09-16,10.3311,10.3311,10.3311,10.3311,59.0
2019-09-13,10.3311,10.3311,10.3311,10.3311,105.0
2019-09-12,10.3311,10.3311,10.3311,10.3311,116.0
2019-09-11,8.06,8.06,8.06,8.06,0.0
2019-09-10,8.06,8.06,8.06,8.06,0.0
2019-09-09,8.06,8.06,8.06,8.06,0.0
2019-09-06,8.06,8.06,8.06,8.06,0.0
2019-09-05,8.06,8.06,8.06,8.06,50.0
2019-09-04,8.06,8.06,8.06,8.06,100.0
2019-09-03,10.25,10.25,10.25,10.25,0.0
2019-08-30,10.25,10.25,10.25,10.25,0.0
2019-08-29,10.25,10.25,10.25,10.25,6.0
2019-08-28,10.0,10.25,10.0,10.25,1473.0
2019-08-27,10.15,10.38,9.5,9.5,826.0
2019-08-26,10.3201,10.3201,10.3201,10.3201,400.0
2019-08-23,10.32,10.32,10.32,10.32,0.0
2019-08-22,10.3201,10.3201,10.3201,10.3201,176.0
2019-08-21,10.32,10.32,10.32,10.32,0.0
2019-08-20,10.3201,10.3201,10.3201,10.3201,55.0
2019-08-19,10.3201,10.3201,10.3201,10.3201,157.0
2019-08-16,10.32,10.32,10.32,10.32,587.0
2019-08-15,10.38,10.38,10.38,10.38,20.0
2019-08-14,10.38,10.38,10.38,10.38,157.0
2019-08-13,10.31,10.31,10.31,10.31,500.0
2019-08-12,9.95,10.31,9.95,10.31,400.0
2019-08-09,9.95,10.31,9.95,10.31,374.0
2019-08-08,10.3692,10.3692,10.3692,10.3692,10.0
2019-08-07,10.3692,10.3692,10.3692,10.3692,100.0
2019-08-06,10.43,10.43,10.43,10.43,1.0
2019-08-05,10.43,10.43,10.43,10.43,0.0
2019-08-02,10.43,10.43,10.43,10.43,0.0
2019-08-01,10.43,10.43,10.43,10.43,0.0
2019-07-31,10.477,10.48,10.43,10.43,1500.0
2019-07-30,10.477,10.48,10.43,10.43,1500.0
2019-07-29,10.43,10.43,10.43,10.43,0.0
2019-07-26,10.43,10.43,10.43,10.43,0.0
2019-07-25,10.4771,10.48,10.43,10.43,1498.0
2019-07-24,10.48,10.49,10.48,10.49,1384.0
2019-07-23,10.38,10.38,10.38,10.38,50.0
2019-07-22,10.38,10.38,10.38,10.38,1.0
2019-07-19,10.38,10.38,10.38,10.38,0.0
2019-07-18,10.38,10.38,10.38,10.38,0.0
2019-07-17,10.38,10.38,10.38,10.38,0.0
2019-07-16,10.41,10.41,10.38,10.38,1571.0
2019-07-15,10.36,10.36,10.36,10.36,0.0
2019-07-12,10.36,10.36,10.36,10.36,0.0
2019-07-11,10.36,10.36,10.36,10.36,0.0
2019-07-10,10.36,10.36,10.36,10.36,600.0
2019-07-09,10.36,10.36,10.3,10.3,1400.0
2019-07-08,10.48,10.48,10.425,10.45,7036.0
2019-07-05,10.38,10.38,10.38,10.38,48.0
2019-07-03,10.38,10.38,10.38,10.38,242.0
2019-07-02,10.435,10.435,10.435,10.435,52.0
2019-07-01,10.435,10.47,10.435,10.435,2115.0
2019-06-28,10.38,10.38,10.38,10.38,4121.0
2019-06-27,10.39,10.39,10.39,10.39,2.0
2019-06-26,10.39,10.39,10.39,10.39,5372.0
2019-06-25,10.37,10.37,10.36,10.36,350.0
2019-06-24,10.4365,10.4365,10.36,10.36,26290.0
2019-06-21,10.7,10.7,10.7,10.7,3700.0
2019-06-20,10.5,10.5,10.5,10.5,100.0
2019-06-19,10.5,10.5,10.5,10.5,1.0
2019-06-18,10.55,10.555,10.5,10.5,7961.0
2019-06-17,10.5,10.5,10.5,10.5,0.0
2019-06-14,10.4219,10.9,10.37,10.5,6590.0
2019-06-13,10.36,10.36,10.36,10.36,0.0
2019-06-12,10.36,10.36,10.36,10.36,55.0
2019-06-11,10.36,10.36,10.36,10.36,100.0
2019-06-10,10.39,10.39,10.36,10.36,661.0
2019-06-07,10.4,10.4,10.4,10.4,904.0
2019-06-06,10.36,10.36,10.36,10.36,232.0
2019-06-05,10.36,10.36,10.36,10.36,4.0
2019-06-04,10.38,10.38,10.36,10.36,423.0
2019-06-03,10.36,10.38,10.36,10.36,13986.0
2019-05-31,10.34,10.34,10.34,10.34,18.0
2019-05-30,10.36,10.36,10.34,10.34,2964.0
2019-05-29,10.349,10.349,10.349,10.349,0.0
2019-05-28,10.3493,10.3493,10.3493,10.3493,28.0
2019-05-24,10.3493,10.3493,10.3493,10.3493,267.0
2019-05-23,10.3411,10.38,10.3411,10.37,1129.0
2019-05-22,10.34,10.38,10.34,10.38,4851.0
2019-05-21,10.34,10.34,10.34,10.34,1525626.0
2019-05-20,10.32,10.3212,10.32,10.3212,804.0
2019-05-17,10.32,10.32,10.32,10.32,0.0
2019-05-16,10.32,10.32,10.32,10.32,201.0
2019-05-15,10.32,10.32,10.32,10.32,0.0
2019-05-14,10.35,10.3868,10.32,10.32,11102.0
2019-05-13,10.3421,10.3421,10.33,10.33,26702.0
2019-05-10,10.335,10.3351,10.335,10.3351,303.0
2019-05-09,10.34,10.36,10.32,10.32,71781.0
2019-05-08,10.32,10.32,10.32,10.32,57.0
2019-05-07,10.32,10.32,10.32,10.32,225002.0
2019-05-06,10.32,10.32,10.32,10.32,0.0
2019-05-03,10.35,10.35,10.32,10.32,26938.0
2019-05-02,10.35,10.35,10.34,10.34,15426.0
2019-05-01,10.36,10.36,10.34,10.34,12347.0
2019-04-30,10.33,10.38,10.32,10.38,257530.0
2019-04-29,10.34,10.3799,10.32,10.32,321461.0
2019-04-26,10.31,10.33,10.305,10.33,8562.0
2019-04-25,10.3237,10.33,10.32,10.33,800512.0
2019-04-24,10.33,10.33,10.32,10.33,204057.0
2019-04-23,10.32,10.3327,10.32,10.32,7698.0
2019-04-22,10.28,10.2801,10.28,10.28,624.0
2019-04-18,10.29,10.29,10.28,10.29,1019.0
2019-04-17,10.285,10.285,10.285,10.285,404.0
2019-04-16,10.285,10.285,10.27,10.27,245.0
2019-04-15,10.3,10.3,10.3,10.3,174.0
2019-04-12,10.3,10.3,10.3,10.3,528.0
2019-04-11,10.291,10.291,10.27,10.27,2344.0
2019-04-10,10.27,10.3,10.27,10.3,821.0
2019-04-09,10.3,10.3,10.28,10.2865,3920.0
2019-04-08,10.2833,10.29,10.2833,10.29,1408.0
2019-04-05,10.295,10.295,10.295,10.295,123.0
2019-04-04,10.28,10.3,10.27,10.29,70622.0
2019-04-03,10.26,10.26,10.26,10.26,0.0
2019-04-02,10.26,10.26,10.26,10.26,44.0
2019-04-01,10.26,10.26,10.26,10.26,98911.0
2019-03-29,10.27,10.27,10.25,10.25,89808.0
2019-03-28,10.25,10.28,10.25,10.27,174671.0
2019-03-27,10.25,10.25,10.25,10.25,0.0
2019-03-26,10.27,10.27,10.24,10.25,129854.0
2019-03-25,10.25,10.26,10.25,10.25,12562.0
2019-03-22,10.25,10.25,10.24,10.25,250770.0
2019-03-21,10.24,10.24,10.24,10.24,1600.0
2019-03-20,10.23,10.25,10.23,10.25,3228.0
2019-03-19,10.2363,10.245,10.22,10.2401,142299.0
2019-03-18,10.25,10.25,10.23,10.25,136405.0
2019-03-15,10.2392,10.25,10.23,10.25,103262.0
2019-03-14,10.25,10.26,10.25,10.26,10678.0
2019-03-13,10.23,10.23,10.23,10.23,567.0
2019-03-12,10.25,10.25,10.2473,10.25,20879.0
2019-03-11,10.2473,10.2473,10.24,10.24,579.0
2019-03-08,10.2285,10.2285,10.2285,10.2285,864.0
2019-03-07,10.225,10.25,10.19,10.24,4146.0
2019-03-06,10.25,10.25,10.25,10.25,788.0
2019-03-05,10.23,10.23,10.23,10.23,0.0
2019-03-04,10.23,10.23,10.23,10.23,0.0
2019-03-01,10.21,10.23,10.2,10.23,42112.0
2019-02-28,10.2181,10.25,10.2,10.25,51575.0
2019-02-27,10.2156,10.24,10.2156,10.24,6700.0
2019-02-26,10.1727,10.25,10.17,10.25,2988.0
2019-02-25,10.22,10.25,10.22,10.25,6390.0
2019-02-22,10.25,10.25,10.25,10.25,30.0
2019-02-21,10.2,10.25,10.2,10.25,2600.0
2019-02-20,10.23,10.25,10.23,10.25,4194.0
2019-02-15,10.22,10.25,10.22,10.2462,21033.0
2019-02-14,10.21,10.22,10.21,10.21,898.0
2019-02-13,10.22,10.22,10.22,10.22,6.0
2019-02-12,10.18,10.23,10.18,10.22,163038.0
2019-02-11,10.19,10.19,10.18,10.18,75301.0
2019-02-08,10.21,10.21,10.189,10.2019,72229.0
2019-02-07,10.2,10.2,10.18,10.18,8518.0
2019-02-06,10.19,10.22,10.19,10.19,66900.0
2019-02-05,10.2,10.2,10.2,10.2,0.0
2019-02-04,10.19,10.21,10.19,10.2,177277.0
2019-02-01,10.23,10.23,10.2,10.2,342402.0
2019-01-31,10.19,10.2,10.18,10.18,81147.0
2019-01-30,10.2,10.2,10.1834,10.1834,3393.0
2019-01-29,10.19,10.2,10.175,10.1875,296871.0
2019-01-28,10.18,10.19,10.18,10.19,24297.0
2019-01-25,10.16,10.16,10.16,10.16,1138.0
2019-01-24,10.17,10.19,10.16,10.19,518.0
2019-01-23,10.15,10.19,10.15,10.19,2974.0
2019-01-22,10.17,10.181,10.16,10.181,19274.0
2019-01-18,10.17,10.18,10.16,10.18,28981.0
2019-01-17,10.15,10.18,10.15,10.18,777563.0
2019-01-16,10.14,10.15,10.12,10.13,41411.0
2019-01-15,10.13,10.15,10.12,10.14,182648.0
2019-01-14,10.13,10.13,10.12,10.13,96091.0
2019-01-11,10.12,10.14,10.12,10.13,124106.0
2019-01-10,10.13,10.13,10.12,10.12,37358.0
2019-01-09,10.13,10.14,10.12,10.12,2062613.0
2019-01-08,10.11,10.14,10.11,10.1201,787149.0
2019-01-07,10.12,10.13,10.11,10.1168,646345.0
2019-01-04,10.12,10.13,10.11,10.13,1129350.0
2019-01-03,10.12,10.12,10.11,10.12,630541.0
2019-01-02,10.08,10.14,10.08,10.13,318043.0
2018-12-31,10.12,10.14,10.11,10.13,227326.0
2018-12-28,10.09,10.12,10.09,10.11,1894.0
2018-12-27,10.081,10.12,10.08,10.11,490871.0
2018-12-26,10.08,10.1,10.08,10.1,12600.0
2018-12-24,10.1,10.1,10.1,10.1,0.0
2018-12-21,10.08,10.1,10.08,10.1,46209.0
2018-12-20,10.1,10.1,10.078,10.09,31821.0
2018-12-19,10.08,10.09,10.08,10.09,314.0
2018-12-18,10.06,10.11,10.06,10.08,308799.0
2018-12-17,10.0801,10.1011,10.06,10.0601,3801.0
2018-12-14,10.1,10.12,10.08,10.08,1318.0
2018-12-13,10.0601,10.08,10.0601,10.08,1379.0
2018-12-12,10.12,10.12,10.06,10.06,252129.0
2018-12-11,10.11,10.11,10.05,10.089,328273.0
2018-12-10,10.09,10.1,10.05,10.08,109000.0
2018-12-07,10.0637,10.09,10.05,10.08,58052.0
2018-12-06,10.05,10.07,10.05,10.05,2185.0
2018-12-04,10.09,10.09,10.09,10.09,100177.0
2018-12-03,10.09,10.1,10.065,10.1,4468.0
2018-11-30,10.06,10.1,10.06,10.09,7342.0
2018-11-29,10.08,10.08,10.08,10.08,0.0
2018-11-28,10.08,10.08,10.08,10.08,38.0
2018-11-27,10.1,10.1,10.05,10.08,127813.0
2018-11-26,10.1,10.1,10.09,10.09,957.0
2018-11-23,10.05,10.1,10.05,10.1,66836.0
2018-11-21,10.05,10.08,10.05,10.08,100400.0
2018-11-20,10.03,10.08,10.03,10.08,3140.0
2018-11-19,10.08,10.09,10.08,10.09,505.0
2018-11-16,10.07,10.07,10.0,10.0,819.0
2018-11-15,10.03,10.08,10.03,10.07,11704.0
2018-11-14,10.0,10.08,10.0,10.07,11676.0
2018-11-13,10.08,10.08,10.02,10.05,57890.0
2018-11-12,10.08,10.08,10.08,10.08,604.0
2018-11-09,10.0,10.08,10.0,10.08,1662.0
2018-11-08,10.05,10.1,10.04,10.05,236757.0
2018-11-07,10.05,10.05,10.05,10.05,461.0
2018-11-06,10.0,10.05,10.0,10.05,108918.0
2018-11-05,10.0001,10.0001,10.0001,10.0001,1067.0
2018-11-02,10.0173,10.02,10.0,10.0,153686.0
2018-11-01,10.0,10.02,10.0,10.02,490176.0
2018-10-31,9.99,10.02,9.99,10.02,62172.0
2018-10-30,10.02,10.02,9.99,10.02,3913311.0
2018-10-29,10.02,10.02,10.02,10.02,104.0
2018-10-26,10.0,10.01,9.97,10.01,38900.0
2018-10-25,10.02,10.02,9.98,10.0,6404.0
2018-10-24,9.98,10.0,9.98,10.0,29450.0
2018-10-23,10.0,10.02,10.0,10.02,136500.0
2018-10-22,9.97,10.0,9.95,10.0,9300.0
2018-10-19,10.0,10.0,10.0,10.0,7000.0
2018-10-18,10.0,10.0,10.0,10.0,0.0
2018-10-17,10.01,10.01,10.0,10.0,45850.0
2018-10-16,10.02,10.02,10.0009,10.01,21450.0
2018-10-15,10.0,10.01,10.0,10.01,51584.0
2018-10-12,9.98,10.0,9.98,9.99,104429.0
2018-10-11,9.95,9.98,9.95,9.98,286156.0
2018-10-10,9.96,9.97,9.96,9.97,29000.0
2018-10-09,9.96,9.96,9.96,9.96,2000.0
2018-10-08,9.96,9.96,9.96,9.96,0.0
2018-10-05,9.95,9.97,9.94,9.96,2600.0
2018-10-04,9.96,9.96,9.96,9.96,1023.0
2018-10-03,10.0,10.0,9.9601,9.9601,227.0
2018-10-02,9.98,9.98,9.98,9.98,0.0
2018-10-01,9.95,10.0,9.95,9.98,498915.0
2018-09-28,9.94,9.96,9.94,9.96,300.0
2018-09-27,9.96,9.96,9.96,9.96,0.0
2018-09-26,9.96,9.96,9.96,9.96,0.0
2018-09-25,9.95,9.97,9.93,9.96,28005.0
2018-09-24,9.96,9.96,9.94,9.96,5000.0
2018-09-21,9.94,9.96,9.94,9.96,50101.0
2018-09-20,9.965,9.965,9.965,9.965,16.0
2018-09-19,9.95,9.97,9.94,9.965,11024.0
2018-09-18,9.95,9.95,9.92,9.95,56319.0
2018-09-17,9.94,9.94,9.92,9.92,2800.0
2018-09-14,9.94,9.94,9.93,9.93,10700.0
2018-09-13,9.93,9.94,9.9,9.925,26303.0
2018-09-12,9.92,9.95,9.92,9.95,50316.0
2018-09-11,9.92,9.95,9.92,9.95,31198.0
2018-09-10,9.9499,9.95,9.92,9.92,31260.0
2018-09-07,9.93,9.93,9.93,9.93,216.0
2018-09-06,9.91,9.95,9.91,9.94,17750.0
2018-09-05,9.94,9.94,9.94,9.94,823.0
2018-09-04,9.938,9.95,9.92,9.95,79361.0
2018-08-31,9.92,9.92,9.87,9.87,33540.0
2018-08-30,9.95,9.95,9.93,9.93,61563.0
2018-08-29,9.935,9.935,9.935,9.935,107.0
2018-08-28,9.9,9.95,9.9,9.92,2652.0
2018-08-27,9.95,9.96,9.915,9.92,1406.0
2018-08-24,9.95,9.96,9.945,9.95,50212.0
2018-08-23,9.95,9.96,9.94,9.96,670651.0
2018-08-22,9.87,9.92,9.87,9.92,10411.0
2018-08-21,9.92,9.92,9.92,9.92,50.0
2018-08-20,9.92,9.92,9.92,9.92,100.0
2018-08-17,9.9077,9.95,9.9077,9.95,222.0
2018-08-16,9.93,9.93,9.9,9.9,250103.0
2018-08-15,9.85,9.89,9.85,9.89,43136.0
2018-08-14,9.88,9.88,9.88,9.88,1782.0
2018-08-13,9.9,9.9,9.88,9.88,12942.0
2018-08-10,9.9,9.9,9.9,9.9,114701.0
2018-08-09,9.8701,9.9,9.8701,9.9,51481.0
2018-08-08,9.93,9.93,9.9,9.9,81200.0
2018-08-07,9.95,9.95,9.92,9.92,11400.0
2018-08-06,9.88,9.95,9.88,9.93,251634.0
2018-08-03,9.95,9.95,9.9,9.9,343.0
2018-08-02,9.95,9.95,9.93,9.95,108749.0
2018-08-01,9.92,9.95,9.92,9.94,953900.0
2018-07-31,9.92,9.92,9.9,9.92,72041.0
2018-07-30,9.91,9.91,9.91,9.91,175.0
2018-07-27,9.95,9.95,9.91,9.91,15469.0
2018-07-26,9.88,9.88,9.88,9.88,700.0
2018-07-25,9.8901,9.8901,9.8901,9.8901,38.0
2018-07-24,9.8901,9.8901,9.8901,9.8901,64.0
2018-07-23,9.89,9.8901,9.89,9.8901,25264.0
2018-07-20,9.91,9.913,9.89,9.89,4300.0
2018-07-19,9.92,9.92,9.92,9.92,10100.0
2018-07-18,9.89,9.9,9.89,9.89,16300.0
2018-07-17,9.9,9.9,9.87,9.89,157465.0
2018-07-16,9.87,9.91,9.87,9.91,4258.0
2018-07-13,9.87,9.87,9.87,9.87,200.0
2018-07-12,9.87,9.87,9.87,9.87,34700.0
2018-07-11,9.87,9.9,9.87,9.9,16886.0
2018-07-10,9.8801,9.8801,9.87,9.88,3939.0
2018-07-09,9.88,9.88,9.87,9.88,9443.0
2018-07-06,9.9,9.9,9.9,9.9,233.0
2018-07-05,9.9,9.9,9.9,9.9,194.0
2018-07-03,9.9079,9.9079,9.9079,9.9079,234.0
2018-07-02,9.88,9.88,9.88,9.88,550.0
2018-06-29,9.881,9.9,9.881,9.89,11728.0
2018-06-28,9.88,9.88,9.88,9.88,11551.0
2018-06-27,9.88,9.88,9.87,9.87,20299.0
2018-06-26,9.89,9.89,9.87,9.88,50538.0
2018-06-25,9.87,9.88,9.87,9.88,39329.0
2018-06-22,9.89,9.89,9.89,9.89,1522.0
2018-06-21,9.87,9.8748,9.87,9.8748,600366.0
2018-06-20,9.86,9.87,9.85,9.86,51292.0
2018-06-19,9.87,9.87,9.86,9.86,12200.0
2018-06-18,9.85,9.87,9.85,9.87,23138.0
2018-06-15,9.87,9.88,9.87,9.87,16384.0
2018-06-14,9.86,9.88,9.86,9.86,2446411.0
2018-06-13,9.85,9.87,9.85,9.85,278126.0
2018-06-12,9.88,9.88,9.85,9.87,701261.0
2018-06-11,9.85,9.88,9.85,9.87,434990.0
2018-06-08,9.86,9.86,9.81,9.81,77659.0
2018-06-07,9.8201,9.84,9.82,9.82,32357.0
2018-06-06,9.82,9.84,9.8,9.8,853853.0
2018-06-05,9.81,9.81,9.81,9.81,153.0
2018-06-04,9.8001,9.8101,9.8,9.8098,9493.0
2018-06-01,9.84,9.84,9.84,9.84,21.0
2018-05-31,9.84,9.84,9.84,9.84,50.0
2018-05-30,9.84,9.84,9.84,9.84,0.0
2018-05-29,9.84,9.84,9.84,9.84,2.0
2018-05-25,9.83,9.84,9.81,9.84,9300.0
2018-05-24,9.8,9.8,9.8,9.8,5100.0
2018-05-23,9.8,9.8,9.8,9.8,7600.0
2018-05-22,9.85,9.85,9.85,9.85,407.0
2018-05-21,9.8,9.8,9.8,9.8,2.0
2018-05-18,9.8,9.8,9.8,9.8,6.0
2018-05-17,9.8,9.84,9.8,9.8,25629.0
2018-05-16,9.8,9.8,9.8,9.8,0.0
2018-05-15,9.7901,9.84,9.79,9.8,11954.0
2018-05-14,9.79,9.79,9.79,9.79,14.0
2018-05-11,9.79,9.79,9.79,9.79,1920.0
2018-05-10,9.7901,9.7901,9.78,9.78,3000.0
2018-05-09,9.79,9.83,9.79,9.83,844026.0
2018-05-08,9.7801,9.79,9.7801,9.79,1300.0
2018-05-07,9.785,9.8,9.78,9.79,2420.0
2018-05-04,9.7801,9.7801,9.7801,9.7801,22.0
2018-05-03,9.7801,9.7801,9.7801,9.7801,76.0
2018-05-02,9.7801,9.7801,9.7801,9.7801,1209.0
2018-05-01,9.8,9.8,9.8,9.8,49.0
2018-04-30,9.8,9.8,9.79,9.8,26930.0
2018-04-27,9.8,9.8,9.8,9.8,96.0
2018-04-26,9.8,9.8,9.8,9.8,300.0
2018-04-25,9.8,9.8,9.8,9.8,2600.0
2018-04-24,9.8,9.895,9.8,9.86,7363.0
2018-04-23,9.79,9.83,9.79,9.79,2991.0
2018-04-20,9.79,9.79,9.79,9.79,187.0
2018-04-19,9.76,9.78,9.76,9.78,1181.0
2018-04-18,9.7701,9.7701,9.77,9.77,1454.0
2018-04-17,9.77,9.77,9.77,9.77,7530.0
2018-04-16,9.73,9.74,9.7101,9.74,3771.0
2018-04-13,9.74,9.92,9.73,9.73,1472.0
2018-04-12,9.74,9.74,9.74,9.74,50.0
2018-04-11,9.74,9.74,9.74,9.74,77.0
2018-04-10,9.71,9.74,9.68,9.74,61627.0
2018-04-09,9.73,9.73,9.73,9.73,218.0
2018-04-06,9.74,9.74,9.74,9.74,100.0
2018-04-05,9.73,9.73,9.73,9.73,0.0
2018-04-04,9.73,9.73,9.73,9.73,100.0
2018-04-03,9.79,9.84,9.72,9.82,39883.0
2018-04-02,9.73,9.73,9.73,9.73,108.0
2018-03-29,9.76,9.79,9.72,9.72,13474.0
2018-03-28,9.75,9.75,9.75,9.75,0.0
2018-03-27,10.14,10.14,9.72,9.75,33823.0
2018-03-26,10.17,10.17,10.17,10.17,199.0
2018-03-23,9.75,9.75,9.72,9.72,473.0
2018-03-22,9.75,9.75,9.72,9.72,900.0
2018-03-21,9.72,9.79,9.71,9.78,60187.0
2018-03-20,9.73,9.79,9.71,9.72,17425.0
2018-03-19,9.75,9.75,9.75,9.75,100.0
2018-03-16,9.74,9.74,9.74,9.74,0.0
2018-03-15,9.74,9.74,9.74,9.74,18.0
2018-03-14,9.74,9.74,9.74,9.74,21.0
2018-03-13,9.74,9.74,9.74,9.74,0.0
2018-03-12,9.74,9.74,9.74,9.74,0.0
2018-03-09,9.73,9.75,9.73,9.74,6982.0
2018-03-08,9.32,9.73,9.32,9.73,11673.0
2018-03-07,9.76,9.76,9.76,9.76,0.0
2018-03-06,9.76,9.76,9.76,9.76,300.0
2018-03-05,9.7,9.7,9.7,9.7,23.0
2018-03-02,7.75,9.7,7.75,9.7,19350.0
2018-03-01,9.7,9.7,9.7,9.7,36300.0
2018-02-28,9.71,9.71,9.68,9.7,11500.0
2018-02-27,9.71,9.71,9.71,9.71,787.0
2018-02-26,9.75,9.75,9.72,9.72,769800.0
2018-02-23,9.7,9.7,9.7,9.7,263.0
2018-02-22,9.75,9.75,9.75,9.75,0.0
2018-02-21,9.75,9.75,9.75,9.75,0.0
2018-02-20,9.72,9.75,9.7,9.75,202012.0
2018-02-16,9.77,9.77,9.77,9.77,0.0
2018-02-15,9.77,9.77,9.77,9.77,0.0
2018-02-14,9.71,9.77,9.7,9.77,225841.0
2018-02-13,9.71,9.71,9.71,9.71,1000.0
2018-02-12,9.7,9.7,9.7,9.7,60300.0
2018-02-09,9.76,9.76,9.65,9.7,566383.0
2018-02-08,9.7,9.7,9.7,9.7,0.0
2018-02-07,9.7,9.7,9.7,9.7,38400.0
2018-02-06,9.7,9.7001,9.69,9.7,55220.0
2018-02-05,9.7,9.7,9.7,9.7,0.0
2018-02-02,9.7,9.7,9.7,9.7,0.0
2018-02-01,9.7,9.7,9.7,9.7,0.0
2018-01-31,9.6801,9.7,9.6801,9.7,50150.0
2018-01-30,9.7,9.7,9.7,9.7,0.0
2018-01-29,9.69,9.7,9.69,9.7,100300.0
2018-01-26,9.69,9.69,9.69,9.69,0.0
2018-01-25,9.69,9.69,9.69,9.69,191000.0
2018-01-24,9.73,9.73,9.73,9.73,30.0
2018-01-23,9.73,9.73,9.73,9.73,0.0
2018-01-22,9.73,9.73,9.73,9.73,0.0
2018-01-19,9.73,9.73,9.73,9.73,1914.0
2018-01-18,9.75,9.75,9.75,9.75,6426.0
2018-01-17,9.76,9.76,9.76,9.76,0.0
2018-01-16,9.77,9.77,9.76,9.76,400.0
2018-01-12,9.77,9.77,9.77,9.77,200.0
2018-01-11,9.77,9.77,9.77,9.77,148.0
2018-01-10,9.73,9.78,9.73,9.78,5409.0
2018-01-09,9.68,9.68,9.68,9.68,0.0
2018-01-08,9.68,9.68,9.68,9.68,2.0
2018-01-05,9.68,9.68,9.68,9.68,5002.0
2018-01-04,9.68,9.68,9.68,9.68,0.0
2018-01-03,9.7004,9.7004,9.68,9.68,10531.0
2018-01-02,9.68,9.68,9.68,9.68,3100.0
2017-12-29,9.67,9.67,9.67,9.67,0.0
2017-12-28,9.66,9.67,9.66,9.67,27500.0
2017-12-27,9.66,9.66,9.66,9.66,50000.0
2017-12-26,9.6731,9.6731,9.6731,9.6731,0.0
2017-12-22,9.6731,9.6731,9.6731,9.6731,0.0
2017-12-21,9.6731,9.6731,9.6731,9.6731,4725.0
2017-12-20,9.66,9.66,9.66,9.66,0.0
2017-12-19,9.66,9.66,9.66,9.66,2700.0
2017-12-18,9.66,9.66,9.66,9.66,36.0
2017-12-15,9.66,9.66,9.66,9.66,233329.0
2017-12-14,9.66,9.6601,9.66,9.6601,7754.0
2017-12-13,9.66,9.66,9.66,9.66,5041.0
2017-12-12,9.66,9.6601,9.66,9.6601,46077.0
2017-12-11,9.65,9.65,9.64,9.65,11561.0
2017-12-08,9.66,9.66,9.66,9.66,100000.0
2017-12-07,9.66,9.66,9.66,9.66,200.0
2017-12-06,9.66,9.66,9.66,9.66,0.0
2017-12-05,9.69,9.69,9.66,9.66,972.0
2017-12-04,9.66,9.66,9.64,9.65,12600.0
2017-12-01,9.6601,9.6601,9.66,9.66,9684.0
2017-11-30,9.66,9.66,9.66,9.66,8577.0
2017-11-28,9.66,9.6799,9.66,9.66,2272.0
2017-11-27,9.66,9.6638,9.66,9.66,4100.0
2017-11-24,9.68,9.69,9.68,9.68,503.0
2017-11-22,9.67,9.68,9.67,9.68,20285.0
2017-11-21,9.68,9.68,9.68,9.68,2406.0
2017-11-20,9.67,9.69,9.67,9.68,14100.0
2017-11-17,9.67,9.67,9.67,9.67,400.0
2017-11-16,9.68,9.68,9.66,9.68,7850.0
2017-11-15,9.68,9.68,9.678,9.68,2850.0
2017-11-14,9.68,9.68,9.68,9.68,2100.0
2017-11-13,9.66,9.67,9.66,9.67,6831.0
2017-11-10,9.66,9.66,9.66,9.66,149.0
2017-11-09,9.66,9.66,9.66,9.66,0.0
2017-11-08,9.66,9.66,9.66,9.66,7099.0
2017-11-07,9.65,9.68,9.65,9.68,10368.0
2017-11-06,9.68,9.68,9.68,9.68,0.0
2017-11-03,9.67,9.68,9.65,9.68,8000.0
2017-11-02,9.68,9.68,9.68,9.68,0.0
2017-11-01,9.67,9.68,9.67,9.68,226150.0
2017-10-31,9.67,9.67,9.67,9.67,0.0
2017-10-30,9.67,9.67,9.67,9.67,2600.0
2017-10-27,9.68,9.68,9.68,9.68,0.0
2017-10-26,9.69,9.69,9.67,9.68,125637.0
2017-10-25,9.66,9.668,9.65,9.66,112020.0
2017-10-24,9.68,9.69,9.65,9.65,470059.0
2017-10-23,9.66,9.67,9.66,9.67,270244.0
2017-10-20,9.68,9.68,9.67,9.67,1207.0
2017-10-19,9.67,9.68,9.66,9.68,358411.0
2017-10-18,9.67,9.67,9.66,9.66,50480.0
2017-10-17,9.67,9.67,9.67,9.67,705.0
2017-10-16,9.68,9.69,9.66,9.67,273753.0
2017-10-13,9.67,9.68,9.6,9.68,6100.0
2017-10-12,9.66,9.66,9.66,9.66,0.0
2017-10-11,9.66,9.66,9.659,9.66,23100.0
2017-10-10,9.67,9.67,9.66,9.66,2700.0
2017-10-09,9.68,9.68,9.68,9.68,0.0
2017-10-06,9.68,9.68,9.68,9.68,0.0
2017-10-05,9.7,9.7,9.61,9.68,747516.0
2017-10-04,9.68,9.68,9.68,9.68,0.0
2017-10-03,9.68,9.69,9.67,9.68,436313.0
2017-10-02,9.69,9.69,9.69,9.69,0.0
2017-09-29,9.69,9.69,9.69,9.69,0.0
2017-09-28,9.68,9.69,9.68,9.69,508.0
2017-09-27,9.69,9.69,9.68,9.68,4882.0
2017-09-26,9.68,9.69,9.68,9.69,6338.0
2017-09-25,9.68,9.69,9.66,9.69,90962.0
2017-09-22,9.69,9.69,9.69,9.69,100.0
2017-09-21,9.68,9.68,9.68,9.68,0.0
2017-09-20,9.68,9.68,9.68,9.68,0.0
2017-09-19,9.68,9.69,9.68,9.68,208728.0
2017-09-18,9.68,9.683,9.68,9.683,204301.0
2017-09-15,9.68,9.69,9.68,9.69,39101.0
2017-09-14,9.68,9.69,9.68,9.69,25200.0
2017-09-13,9.68,9.7,9.68,9.68,349678.0
2017-09-12,9.68,9.69,9.68,9.69,170297.0
2017-09-11,9.68,9.68,9.67,9.67,51750.0
2017-09-08,9.67,9.68,9.67,9.68,650117.0
2017-09-07,9.66,9.69,9.66,9.67,297726.0
2017-09-06,9.66,9.69,9.66,9.68,625900.0
2017-09-05,9.6646,9.68,9.6599,9.67,39415.0
2017-09-01,9.65,9.68,9.65,9.67,7400.0
2017-08-31,9.66,9.725,9.65,9.7,41285.0
2017-08-30,9.69,9.69,9.68,9.684,2400.0
2017-08-29,9.65,9.69,9.65,9.68,52600.0
2017-08-28,9.66,9.66,9.66,9.66,1400.0
2017-08-25,9.63,9.67,9.63,9.66,58500.0
2017-08-24,9.65,9.67,9.64,9.65,19649.0
2017-08-23,9.67,9.7,9.62,9.66,151498.0
2017-08-22,9.7,9.7,9.65,9.68,2302.0
2017-08-21,9.65,9.67,9.61,9.65,104941.0
2017-08-18,9.65,9.67,9.65,9.65,278000.0
2017-08-17,9.68,9.68,9.67,9.67,254000.0
2017-08-16,9.65,9.7,9.65,9.68,143842.0
2017-08-15,9.67,9.7,9.67,9.67,175200.0
2017-08-14,9.67,9.67,9.67,9.67,819478.0
2017-08-11,9.67,9.7,9.65,9.7,332325.0
2017-08-10,9.7,9.7,9.68,9.68,288111.0
2017-08-09,9.72,9.72,9.67,9.69,201467.0
2017-08-08,9.7,9.7,9.67,9.69,3269055.0
